id,firstname,lastname,email
1,Sheryl,Baxter,zunigavanessa@smith.info
2,Preston,Lozano,vmata@colon.com
3,Roy,Berry,beckycarr@hogan.com
4,Linda,Olsen,stanleyblackwell@benson.org
5,Joanna,Bender,colinalvarado@miles.net
6,Aimee,Downs,louis27@gilbert.com
7,Darren,Peck,tgates@cantrell.com
8,Brett,Mullen,asnow@colon.com
9,Sheryl,Meyers,mariokhan@ryan-pope.org
10,Michelle,Gallagher,mdyer@escobar.net
11,Carl,Schroeder,kirksalas@webb.com
12,Jenna,Dodson,mark42@robbins.com
13,Tracey,Mata,alex56@walls.org
14,Kristine,Cox,holdenmiranda@clarke.com
15,Faith,Lutz,cassieparrish@blevins-chapman.net
16,Miranda,Beasley,vduncan@parks-hardy.com
17,Caroline,Foley,holtgwendolyn@watson-davenport.com
18,Greg,Mata,jaredjuarez@carroll.org
19,Clifford,Jacobson,joseph26@jacobson.com
20,Joanna,Kirk,tuckerangie@salazar.net
21,Maxwell,Frye,fgibson@drake-webb.com
22,Kiara,Houston,blanchardbob@wallace-shannon.com
23,Colleen,Howard,rsingleton@ryan-cherry.com
24,Janet,Valenzuela,stefanie71@spence.com
25,Shane,Wilcox,mariah88@santos.com
26,Marcus,Moody,donnamullins@norris-barrett.org
27,Dakota,Poole,stacey67@fields.org
28,Frederick,Harper,jacobkhan@bright.biz
29,Stefanie,Fitzpatrick,wterrell@clark.com
30,Kent,Bradshaw,qjimenez@boyd.com
31,Jack,Tate,gfigueroa@boone-zavala.com
32,Tom,Trujillo,tapiagreg@beard.info
33,Gabriel,Mejia,coleolson@jennings.net
34,Kaitlyn,Santana,georgeross@miles.org
35,Faith,Moon,willistonya@randolph-baker.com
36,Tammie,Haley,harrisisaiah@jenkins.com
37,Nicholas,Sosa,fwolfe@dorsey.com
38,Jordan,Gay,tiffanydavies@harris-mcfarland.org
39,Bruce,Esparza,preese@frye-vega.com
40,Sherry,Garza,ann48@miller.com
41,Natalie,Gentry,tcummings@fitzpatrick-ashley.com
42,Bryan,Dunn,woodwardandres@phelps.com
43,Wayne,Simpson,barbarapittman@holder.com
44,Luis,Greer,bstuart@williamson-mcclure.com
45,Rhonda,Frost,zkrueger@wolf-chavez.net
46,Joanne,Montes,juan80@henson.net
47,Geoffrey,Guzman,bauercrystal@gay.com
48,Gloria,Mccall,bartlettjenna@zuniga-moss.biz
49,Brady,Cohen,mccalltyrone@durham-rose.biz
50,Latoya,Mccann,bobhammond@barry.biz
51,Gerald,Hawkins,uwarner@steele-arias.com
52,Samuel,Crawford,xpittman@ritter-carney.net
53,Patricia,Goodwin,vaughanchristy@lara.biz
54,Stacie,Richard,clinton85@colon-arias.org
55,Robin,West,greenemiranda@zimmerman.com
56,Ralph,Haas,goodmancesar@figueroa.biz
57,Phyllis,Maldonado,yhanson@warner-diaz.org
58,Danny,Parrish,howelldarren@house-cohen.com
59,Kathy,Hill,ncamacho@boone-simmons.org
60,Kelli,Hardy,kristopher62@oliver.com
61,Lynn,Pham,mpham@rios-guzman.com
62,Shelley,Harris,zachary96@mitchell-bryant.org
63,Eddie,Jimenez,kristiwhitney@bernard.com
64,Chloe,Hutchinson,leah85@sutton-terrell.com
65,Eileen,Lynch,levigiles@vincent.com
66,Fernando,Lambert,fisherlinda@schaefer.net
67,Makayla,Cannon,scottcurtis@hurley.biz
68,Tom,Alvarado,nicholsonnina@montgomery.info
69,Virginia,Dudley,zvalencia@phelps.com
70,Riley,Good,alex06@galloway.com
71,Alexandria,Buck,lee48@manning.com
72,Richard,Roth,aharper@maddox-townsend.org
73,Candice,Keller,buckleycory@odonnell.net
74,Anita,Benson,angie04@oconnell.com
75,Regina,Stein,zrosario@rojas-hardin.net
76,Debra,Riddle,shieldskerry@robles.com
77,Brittany,Zuniga,mchandler@cochran-huerta.org
78,Cassidy,Mcmahon,katrinalane@fitzgerald.com
79,Laurie,Pennington,cookejill@powell.com
80,Alejandro,Blair,elizabethbarr@ewing.com
81,Leslie,Jennings,corey75@wiggins.com
82,Kathleen,Mckay,chloelester@higgins-wilkinson.com
83,Hunter,Moreno,isaac26@benton-finley.com
84,Chad,Davidson,justinwalters@jimenez.com
85,Corey,Holt,maurice46@morgan.com
86,Emma,Cunningham,walter83@juarez.org
87,Duane,Woods,kmercer@wagner.com
88,Alison,Vargas,vcantu@norton.com
89,Vernon,Kane,hilljesse@barrett.info
90,Lori,Flowers,tyrone77@valenzuela.info
91,Nina,Chavez,elliserica@frank.com
92,Shane,Foley,nsteele@sparks.com
93,Collin,Ayers,dudleyemily@gonzales.biz
94,Sherry,Young,alan79@gates-mclaughlin.com
95,Darrell,Douglas,grayjean@lowery-good.com
96,Karl,Greer,hhart@jensen.com
97,Lynn,Atkinson,vkemp@ferrell.com
98,Fred,Guerra,swagner@kane.org
99,Yvonne,Farmer,mccarthystephen@horn-green.biz